user_id,website
35451fbe-281e-4ef7-9209-e70f1c3c5a03,youtube.com
630ecd5b-ef55-443c-ae04-6b34b0212e88,coinbase.com
630ecd5b-ef55-443c-ae04-6b34b0212e88,dtang.dev
630ecd5b-ef55-443c-ae04-6b34b0212e88,edstem.org
630ecd5b-ef55-443c-ae04-6b34b0212e88,imean.ai
630ecd5b-ef55-443c-ae04-6b34b0212e88,itp404-assignment-8.surge.sh
630ecd5b-ef55-443c-ae04-6b34b0212e88,welcome.at.robloxlabs.com
630ecd5b-ef55-443c-ae04-6b34b0212e88,www-staging.miracleplus.com.s3-website.cn-northwest-1.amazonaws.com.cn
732a92bd-8dec-43d9-83b8-50138871fe4f,en.wikipedia.org
732a92bd-8dec-43d9-83b8-50138871fe4f,kevincrawfordknight.github.io
732a92bd-8dec-43d9-83b8-50138871fe4f,luka-group.github.io
7a3fb8c8-efc2-4597-aa8f-ab21c528b514,air-sys--08feb2021.sandbox.my.salesforce.com
7a3fb8c8-efc2-4597-aa8f-ab21c528b514,air-sys.my.salesforce.com
7a3fb8c8-efc2-4597-aa8f-ab21c528b514,rootstockmfg.okta.com
7a3fb8c8-efc2-4597-aa8f-ab21c528b514,suntechmedical.my.salesforce.com
7a3fb8c8-efc2-4597-aa8f-ab21c528b514,trailhead.salesforce.com
819cbf66-fd47-4000-9e89-80c1736d1002,free-online-private-pilot-ground-school.com
9daa95e6-bb48-4eff-9f0b-ae0f3623d3e4,maniskill.readthedocs.io
a1fb5342-9fef-4fb7-9b1e-d77f0a79baa4,instagram.com
a1fb5342-9fef-4fb7-9b1e-d77f0a79baa4,mail.google.com
cfb5b889-a5ca-4613-b8fe-2f1ab519f6f4,linkedin.com
cfb5b889-a5ca-4613-b8fe-2f1ab519f6f4,medal.tv
e3256652-546e-44a4-9966-5e9732699183,mail.google.com
ff8b22f3-fa07-41cf-9d68-79caf67442d9,chatgpt.com
ff8b22f3-fa07-41cf-9d68-79caf67442d9,developers.google.com
ff8b22f3-fa07-41cf-9d68-79caf67442d9,localhost:3000
ff8b22f3-fa07-41cf-9d68-79caf67442d9,vercel.com